{
  "hash": "dc7e64c7",
  "configHash": "691a515d",
  "lockfileHash": "d7813f3d",
  "browserHash": "5ff73fb2",
  "optimized": {
    "@angular/core": {
      "src": "../../../../../node_modules/@angular/core/fesm2022/core.mjs",
      "file": "@angular_core.js",
      "fileHash": "2c872580",
      "needsInterop": false
    },
    "@angular/platform-browser": {
      "src": "../../../../../node_modules/@angular/platform-browser/fesm2022/platform-browser.mjs",
      "file": "@angular_platform-browser.js",
      "fileHash": "ca1cb8e1",
      "needsInterop": false
    },
    "@angular/router": {
      "src": "../../../../../node_modules/@angular/router/fesm2022/router.mjs",
      "file": "@angular_router.js",
      "fileHash": "fd948e14",
      "needsInterop": false
    },
    "@angular/forms": {
      "src": "../../../../../node_modules/@angular/forms/fesm2022/forms.mjs",
      "file": "@angular_forms.js",
      "fileHash": "ffdf88ca",
      "needsInterop": false
    },
    "@angular/common/http": {
      "src": "../../../../../node_modules/@angular/common/fesm2022/http.mjs",
      "file": "@angular_common_http.js",
      "fileHash": "c18d3530",
      "needsInterop": false
    }
  },
  "chunks": {
    "chunk-5ZGFNZGW": {
      "file": "chunk-5ZGFNZGW.js"
    },
    "chunk-ADZ2JSHA": {
      "file": "chunk-ADZ2JSHA.js"
    },
    "chunk-QIY67DEY": {
      "file": "chunk-QIY67DEY.js"
    },
    "chunk-2QDPCBAK": {
      "file": "chunk-2QDPCBAK.js"
    }
  }
}