{
  "hash": "66fa5e27",
  "configHash": "b3aaee5e",
  "lockfileHash": "f822dd36",
  "browserHash": "0de78ad5",
  "optimized": {
    "@angular/core": {
      "src": "../../../../../node_modules/@angular/core/fesm2022/core.mjs",
      "file": "@angular_core.js",
      "fileHash": "094d9af8",
      "needsInterop": false
    },
    "@angular/platform-browser": {
      "src": "../../../../../node_modules/@angular/platform-browser/fesm2022/platform-browser.mjs",
      "file": "@angular_platform-browser.js",
      "fileHash": "da21e819",
      "needsInterop": false
    },
    "@angular/router": {
      "src": "../../../../../node_modules/@angular/router/fesm2022/router.mjs",
      "file": "@angular_router.js",
      "fileHash": "019390ef",
      "needsInterop": false
    },
    "flowbite": {
      "src": "../../../../../node_modules/flowbite/lib/esm/index.js",
      "file": "flowbite.js",
      "fileHash": "0adc9561",
      "needsInterop": false
    },
    "@angular/common/http": {
      "src": "../../../../../node_modules/@angular/common/fesm2022/http.mjs",
      "file": "@angular_common_http.js",
      "fileHash": "764d838e",
      "needsInterop": false
    }
  },
  "chunks": {
    "chunk-5LFHDF5D": {
      "file": "chunk-5LFHDF5D.js"
    },
    "chunk-6FG2IJWS": {
      "file": "chunk-6FG2IJWS.js"
    },
    "chunk-U6MTE543": {
      "file": "chunk-U6MTE543.js"
    },
    "chunk-J4B6MK7R": {
      "file": "chunk-J4B6MK7R.js"
    }
  }
}